motif,model,coef,pval,R2,Adj_R2,AIC,logLik
tRNA_scan_motif,BM,-0.00455961300481442,0.903069437607478,0.000689414218995445,-0.0447337942255957,-19.6178634196663,12.8089317098332
tRNA_scan_motif,OUrandomRoot,-0.00726254688740055,0.854328080229786,0.00156618496962546,-0.043817170259028,-15.2968546510185,11.6484273255093
TTGACA,BM,-0.0254920870072824,0.65060779495623,0.00949305059431524,-0.0355299925604885,-0.155329418573785,3.07766470928689
TTGACA,OUrandomRoot,-0.022195197427839,0.703230951783563,0.00672572084319745,-0.0384231100275664,5.03253346033135,1.48373326983432
TATAAT,BM,-0.0259089912302069,0.636754949824275,0.0103160322463546,-0.0346696026515383,-1.39196480800476,3.69598240400238
TATAAT,OUrandomRoot,-0.024007739860449,0.671230235969109,0.00834244336867092,-0.0367329001145714,4.16838993206193,1.91580503396903
overall_min,BM,-0.00165678050252832,0.977490423545031,3.701740356787e-05,-0.0454158454417244,1.99134693582224,2.00432653208888
overall_min,OUrandomRoot,0.000523459797931377,0.993107800608777,3.46968338748013e-06,-0.0454509180582766,7.47098585015726,0.264507074921372
